,ID_REF,C vs P12 pvalue,C vs P12 log2fc,Ensembl_ID,Gene_Name
56041,235763_at,0.028546450167035414,1.1783722034160584,ENSG00000137968,SLC44A5
