,ID_REF,P0 vs P12 pvalue,P0 vs P12 log2fc,Ensembl_ID,Gene_Name
9041,1564960_at,0.001092948747330533,1.066329550716672,ENSG00000274749,KRTAP7-1
9048,1564974_at,0.006099867487116514,1.1128611648796407,ENSG00000183640,KRTAP8-1
